id,name_ja,reading_romaji,hex,rgb_r,rgb_g,rgb_b,hue_deg,lightness,saturation,family,memo,lab_L,lab_a,lab_b
1,撫子,NADESHIKO,#DC9F84,220,159,132,18.41,0.6902,0.557,赤,赤寄りで、中くらい・高彩度。ぱっと華やぐ。,70.6503,19.2967,23.065
2,紅梅,KOHBAI,#E16B8C,225,107,140,343.22,0.651,0.6629,赤,赤寄りで、中くらい・高彩度。ぱっと華やぐ。,60.2666,49.192,4.1176
3,蘇芳,SUOH,#8E354A,142,53,74,345.84,0.3824,0.4564,赤,赤寄りで、暗め・ほどよい彩度。あたたかい。,35.5826,39.5983,7.1181
4,退紅,TAIKOH,#F8C3CD,248,195,205,348.68,0.8686,0.791,赤,赤寄りで、明るめ・かなり高彩度。ぱっと華やぐ。,83.6508,20.3749,2.2684
5,一斥染,IKKONZOME,#F4A7B9,244,167,185,345.97,0.8059,0.7778,赤,赤寄りで、明るめ・かなり高彩度。ぱっと華やぐ。,76.2999,30.7975,2.3521
6,桑染,KUWAZOME,#64363C,100,54,60,352.17,0.302,0.2987,赤,赤寄りで、暗め・ほどよい彩度。あたたかい。,28.576,21.2729,5.3319
7,桃,MOMO,#F596AA,245,150,170,347.37,0.7745,0.8261,赤,赤寄りで、中くらい・かなり高彩度。ぱっと華やぐ。,72.3163,38.0417,4.8581
8,莓,ICHIGO,#B5495B,181,73,91,350.0,0.498,0.4252,赤,赤寄りで、やや暗め・ほどよい彩度。あたたかい。,46.1057,45.357,12.1894
9,薄紅,USUBENI,#E87A90,232,122,144,348.0,0.6941,0.7051,赤,赤寄りで、中くらい・高彩度。ぱっと華やぐ。,64.2358,44.6433,7.6469
10,今様,IMAYOH,#D05A6E,208,90,110,349.83,0.5843,0.5566,赤,赤寄りで、中くらい・高彩度。ぱっと華やぐ。,53.8692,48.4236,12.2346
11,中紅,NAKABENI,#DB4D6D,219,77,109,346.48,0.5804,0.6636,赤,赤寄りで、中くらい・高彩度。ぱっと華やぐ。,53.4668,57.6893,12.5306
12,桜,SAKURA,#FEDFE1,254,223,225,356.13,0.9353,0.9394,赤,赤寄りで、かなり明るめ・かなり高彩度。ぱっと華やぐ。,91.3627,10.9798,2.9551
13,梅鼠,UMENEZUMI,#9E7A7A,158,122,122,0.0,0.549,0.1565,赤,赤寄りで、やや暗め・やや低彩度。落ち着いた。,54.652,13.9896,5.3976
14,韓紅花,KARAKURENAI,#D0104C,208,16,76,341.25,0.4392,0.8571,赤,赤寄りで、やや暗め・かなり高彩度。深く印象的。,44.6693,69.2147,20.3193
15,燕脂,ENJI,#9F353A,159,53,58,357.17,0.4157,0.5,赤,赤寄りで、暗め・ほどよい彩度。あたたかい。,38.2429,44.1926,21.3566
16,紅,KURENAI,#CB1B45,203,27,69,345.68,0.451,0.7652,赤,赤寄りで、やや暗め・かなり高彩度。深く印象的。,44.1094,65.8874,23.7455
17,鴇,TOKI,#EEA9A9,238,169,169,0.0,0.798,0.6699,赤,赤寄りで、明るめ・高彩度。ぱっと華やぐ。,75.7124,25.3707,10.1687
18,長春,CYOHSYUN,#BF6766,191,103,102,0.67,0.5745,0.4101,赤,赤寄りで、やや暗め・ほどよい彩度。あたたかい。,53.7489,34.9401,16.3936
19,深緋,KOKIAKE,#86473F,134,71,63,6.76,0.3863,0.3604,赤,赤寄りで、暗め・ほどよい彩度。あたたかい。,37.7255,25.9257,16.7977
20,桜鼠,SAKURANEZUMI,#B19693,177,150,147,6.0,0.6353,0.1613,赤,赤寄りで、中くらい・やや低彩度。落ち着いた。,64.3768,9.5381,5.3184
21,甚三紅,JINZAMOMI,#EB7A77,235,122,119,1.55,0.6941,0.7436,赤,赤寄りで、中くらい・かなり高彩度。ぱっと華やぐ。,64.0942,43.1692,21.711
22,小豆,AZUKI,#954A45,149,74,69,3.75,0.4275,0.367,赤,赤寄りで、やや暗め・ほどよい彩度。あたたかい。,40.7651,30.9297,17.5519
23,蘇芳香,SUOHKOH,#A96360,169,99,96,2.47,0.5196,0.298,赤,赤寄りで、やや暗め・ほどよい彩度。あたたかい。,49.744,27.9104,13.9461
24,赤紅,AKABENI,#CB4042,203,64,66,359.14,0.5235,0.572,赤,赤寄りで、やや暗め・高彩度。深く印象的。,47.9569,54.8158,30.3698
25,真朱,SHINSYU,#AB3B3A,171,59,58,0.53,0.449,0.4934,赤,赤寄りで、やや暗め・ほどよい彩度。あたたかい。,41.365,45.7253,25.7469
26,灰桜,HAIZAKURA,#D7C4BB,215,196,187,19.29,0.7882,0.2593,赤,赤寄りで、明るめ・ほどよい彩度。あたたかい。,80.4689,5.1723,6.9352
27,栗梅,KURIUME,#904840,144,72,64,6.0,0.4078,0.3846,赤,赤寄りで、暗め・ほどよい彩度。あたたかい。,39.472,29.5599,18.7664
28,海老茶,EBICHA,#734338,115,67,56,11.19,0.3353,0.345,赤,赤寄りで、暗め・ほどよい彩度。あたたかい。,33.8692,19.4386,15.5349
29,銀朱,GINSYU,#C73E3A,199,62,58,1.7,0.5039,0.5573,赤,赤寄りで、やや暗め・高彩度。深く印象的。,46.8385,53.8945,33.5297
30,黒鳶,KUROTOBI,#554236,85,66,54,23.23,0.2725,0.223,朱・橙,朱・橙寄りで、暗め・やや低彩度。落ち着いた。,29.6493,6.2314,10.4378
31,紅鳶,BENITOBI,#994639,153,70,57,8.13,0.4118,0.4571,赤,赤寄りで、暗め・ほどよい彩度。あたたかい。,40.3281,33.6671,24.3985
32,曙,AKEBONO,#F19483,241,148,131,9.27,0.7294,0.7971,赤,赤寄りで、中くらい・かなり高彩度。ぱっと華やぐ。,70.5412,33.1838,23.8736
33,紅樺,BENIKABA,#B54434,181,68,52,7.44,0.4569,0.5536,赤,赤寄りで、やや暗め・高彩度。深く印象的。,44.531,44.8952,33.4897
34,水がき,MIZUGAKI,#B9887D,185,136,125,11.0,0.6078,0.3,赤,赤寄りで、中くらい・ほどよい彩度。あたたかい。,61.1375,17.1984,13.2668
35,珊瑚朱,SANGOSYU,#F17C67,241,124,103,9.13,0.6745,0.8313,赤,赤寄りで、中くらい・かなり高彩度。ぱっと華やぐ。,65.0422,43.0578,32.0518
36,紅檜皮,BENIHIWADA,#884C3A,136,76,58,13.85,0.3804,0.4021,赤,赤寄りで、暗め・ほどよい彩度。あたたかい。,39.0876,23.4452,21.6888
37,猩猩緋,SYOJYOHI,#E83015,232,48,21,7.68,0.4961,0.834,赤,赤寄りで、やや暗め・かなり高彩度。深く印象的。,51.0704,67.4853,57.8617
38,鉛丹,ENTAN,#D75455,215,84,85,359.54,0.5863,0.6209,赤,赤寄りで、中くらい・高彩度。ぱっと華やぐ。,53.4361,51.5487,26.5621
39,芝翫茶,SHIKANCHA,#B55D4C,181,93,76,9.71,0.5039,0.415,赤,赤寄りで、やや暗め・ほどよい彩度。あたたかい。,49.7099,34.0064,25.9607
40,檜皮,HIWADA,#854836,133,72,54,13.67,0.3667,0.4225,赤,赤寄りで、暗め・ほどよい彩度。あたたかい。,37.6423,24.112,22.1739
41,柿渋,KAKISHIBU,#A35E47,163,94,71,15.0,0.4588,0.3932,赤,赤寄りで、やや暗め・ほどよい彩度。あたたかい。,47.2993,25.7655,25.2662
42,緋,AKE,#CC543A,204,84,58,10.68,0.5137,0.5887,赤,赤寄りで、やや暗め・高彩度。深く印象的。,51.2525,46.0998,38.8243
43,鳶,TOBI,#724832,114,72,50,20.62,0.3216,0.3902,朱・橙,朱・橙寄りで、暗め・ほどよい彩度。あたたかい。,34.8895,15.3704,20.5496
44,紅緋,BENIHI,#F75C2F,247,92,47,13.5,0.5765,0.9259,赤,赤寄りで、やや暗め・かなり高彩度。深く印象的。,59.5619,57.2518,55.135
45,栗皮茶,KURIKAWACHA,#6A4028,106,64,40,21.82,0.2863,0.4521,朱・橙,朱・橙寄りで、暗め・ほどよい彩度。あたたかい。,31.5435,15.6518,22.2023
46,弁柄,BENGARA,#9A5034,154,80,52,16.47,0.4039,0.4951,赤,赤寄りで、暗め・ほどよい彩度。あたたかい。,42.5472,28.3354,30.0764
47,照柿,TERIGAKI,#C46243,196,98,67,14.42,0.5157,0.5223,赤,赤寄りで、やや暗め・高彩度。深く印象的。,52.8175,36.6506,35.3875
48,江戸茶,EDOCHA,#AF5F3C,175,95,60,18.26,0.4608,0.4894,赤,赤寄りで、やや暗め・ほどよい彩度。あたたかい。,49.0406,29.3619,34.0276
49,洗朱,ARAISYU,#FB966E,251,150,110,17.02,0.7078,0.9463,赤,赤寄りで、中くらい・かなり高彩度。ぱっと華やぐ。,71.8613,34.1414,37.1982
50,百塩茶,MOMOSHIOCHA,#724938,114,73,56,17.59,0.3333,0.3412,赤,赤寄りで、暗め・ほどよい彩度。あたたかい。,35.2596,15.3809,17.3497
51,唐茶,KARACHA,#B47157,180,113,87,16.77,0.5235,0.3827,赤,赤寄りで、やや暗め・ほどよい彩度。あたたかい。,54.2427,23.6629,25.467
52,ときがら茶,TOKIGARACHA,#DB8E71,219,142,113,16.42,0.651,0.5955,赤,赤寄りで、中くらい・高彩度。ぱっと華やぐ。,66.2145,26.0687,27.5222
53,黄丹,OHNI,#F05E1C,240,94,28,18.68,0.5255,0.876,赤,赤寄りで、やや暗め・かなり高彩度。深く印象的。,58.6211,53.5249,61.5004
54,纁,SOHI,#ED784A,237,120,74,16.93,0.6098,0.8191,赤,赤寄りで、中くらい・かなり高彩度。ぱっと華やぐ。,63.2907,41.7125,45.3352
55,遠州茶,ENSYUCHA,#CA7853,202,120,83,18.66,0.5588,0.5289,赤,赤寄りで、やや暗め・高彩度。深く印象的。,58.6183,28.4977,33.8401
56,樺茶,KABACHA,#B35C37,179,92,55,17.9,0.4588,0.5299,赤,赤寄りで、やや暗め・高彩度。深く印象的。,48.9043,32.3093,36.7494
57,焦茶,KOGECHA,#563F2E,86,63,46,25.5,0.2588,0.303,朱・橙,朱・橙寄りで、暗め・ほどよい彩度。あたたかい。,28.7236,7.5057,14.3248
58,赤香,AKAKOH,#E3916E,227,145,110,17.95,0.6608,0.6763,赤,赤寄りで、中くらい・高彩度。ぱっと華やぐ。,67.8073,27.3616,31.422
59,雀茶,SUZUMECHA,#8F5A3C,143,90,60,21.69,0.398,0.4089,朱・橙,朱・橙寄りで、暗め・ほどよい彩度。あたたかい。,43.4772,18.557,26.2563
60,宍,SHISHI,#F0A986,240,169,134,19.81,0.7333,0.7794,赤,赤寄りで、中くらい・かなり高彩度。ぱっと華やぐ。,75.2182,22.0255,28.4944
61,宗伝唐茶,SODENKARACHA,#A0674B,160,103,75,19.76,0.4608,0.3617,赤,赤寄りで、やや暗め・ほどよい彩度。あたたかい。,49.1103,19.7817,25.1957
62,樺,KABA,#C1693C,193,105,60,20.3,0.4961,0.5257,朱・橙,朱・橙寄りで、やや暗め・高彩度。深く印象的。,53.782,31.3593,40.1611
63,深支子,KOKIKUCHINASHI,#FB9966,251,153,102,20.54,0.6922,0.949,朱・橙,朱・橙寄りで、中くらい・かなり高彩度。ぱっと華やぐ。,72.3994,31.9988,42.0655
64,胡桃,KURUMI,#947A6D,148,122,109,20.0,0.5039,0.1542,朱・橙,朱・橙寄りで、やや暗め・やや低彩度。落ち着いた。,53.2979,7.9834,10.8974
65,代赭,TAISYA,#A36336,163,99,54,24.77,0.4255,0.5023,朱・橙,朱・橙寄りで、やや暗め・高彩度。深く印象的。,48.233,21.681,35.9265
66,洗柿,ARAIGAKI,#E79460,231,148,96,23.11,0.6412,0.7377,朱・橙,朱・橙寄りで、中くらい・かなり高彩度。ぱっと華やぐ。,68.7639,26.2294,40.1894
67,黄櫨染,KOHROZEN,#7D532C,125,83,44,28.89,0.3314,0.4793,朱・橙,朱・橙寄りで、暗め・ほどよい彩度。あたたかい。,39.1209,13.285,29.5578
68,赤朽葉,AKAKUCHIBA,#C78550,199,133,80,26.72,0.5471,0.5152,朱・橙,朱・橙寄りで、やや暗め・高彩度。深く印象的。,61.2197,19.9592,38.5369
69,礪茶,TONOCHA,#985F2A,152,95,42,28.91,0.3804,0.567,朱・橙,朱・橙寄りで、暗め・高彩度。深く印象的。,45.6735,18.399,38.9125
70,赤白橡,AKASHIRITSURUBAMI,#E1A679,225,166,121,25.96,0.6784,0.6341,朱・橙,朱・橙寄りで、中くらい・高彩度。ぱっと華やぐ。,72.6699,16.3625,31.7826
71,煎茶,SENCHA,#855B32,133,91,50,29.64,0.3588,0.4536,朱・橙,朱・橙寄りで、暗め・ほどよい彩度。あたたかい。,42.3079,12.6711,30.2178
72,萱草,KANZO,#FC9F4D,252,159,77,28.11,0.6451,0.9669,朱・橙,朱・橙寄りで、中くらい・かなり高彩度。ぱっと華やぐ。,73.5668,27.7614,55.7757
73,洒落柿,SHAREGAKI,#FFBA84,255,186,132,26.34,0.7588,1.0,朱・橙,朱・橙寄りで、中くらい・かなり高彩度。ぱっと華やぐ。,80.7656,18.78,37.1137
74,紅鬱金,BENIUKON,#E98B2A,233,139,42,30.47,0.5392,0.8128,朱・橙,朱・橙寄りで、やや暗め・かなり高彩度。深く印象的。,66.4899,29.0444,62.6689
75,梅染,UMEZOME,#E9A368,233,163,104,27.44,0.6608,0.7457,朱・橙,朱・橙寄りで、中くらい・かなり高彩度。ぱっと華やぐ。,72.5756,19.6788,40.7685
76,枇杷茶,BIWACHA,#B17844,177,120,68,28.62,0.4804,0.4449,朱・橙,朱・橙寄りで、やや暗め・ほどよい彩度。あたたかい。,55.2773,16.8985,37.1424
77,丁子茶,CHOJICHA,#96632E,150,99,46,30.58,0.3843,0.5306,朱・橙,朱・橙寄りで、暗め・高彩度。深く印象的。,46.454,15.433,37.6563
78,憲法染,KENPOHZOME,#43341B,67,52,27,37.5,0.1843,0.4255,朱・橙,朱・橙寄りで、かなり暗め・ほどよい彩度。あたたかい。,22.7532,3.0357,18.2478
79,琥珀,KOHAKU,#CA7A2C,202,122,44,29.62,0.4824,0.6423,朱・橙,朱・橙寄りで、やや暗め・高彩度。深く印象的。,58.659,25.2078,53.2334
80,薄柿,USUGAKI,#ECB88A,236,184,138,28.16,0.7333,0.7206,朱・橙,朱・橙寄りで、中くらい・かなり高彩度。ぱっと華やぐ。,78.4338,12.925,30.562
81,伽羅,KYARA,#78552B,120,85,43,32.73,0.3196,0.4724,朱・橙,朱・橙寄りで、暗め・ほどよい彩度。あたたかい。,39.0111,9.6864,29.8254
82,丁子染,CHOJIZOME,#B07736,176,119,54,31.97,0.451,0.5304,朱・橙,朱・橙寄りで、やや暗め・高彩度。深く印象的。,54.754,16.1046,43.6501
83,柴染,FUSHIZOME,#967249,150,114,73,31.95,0.4373,0.3453,朱・橙,朱・橙寄りで、やや暗め・ほどよい彩度。あたたかい。,50.6884,8.9425,28.0972
84,朽葉,KUCHIBA,#E2943B,226,148,59,31.98,0.5588,0.7422,朱・橙,朱・橙寄りで、やや暗め・かなり高彩度。深く印象的。,67.7755,21.9796,56.8189
85,金茶,KINCHA,#C7802D,199,128,45,32.34,0.4784,0.6311,朱・橙,朱・橙寄りで、やや暗め・高彩度。深く印象的。,59.6831,20.7011,53.666
86,狐,KITSUNE,#9B6E23,155,110,35,37.5,0.3725,0.6316,朱・橙,朱・橙寄りで、暗め・高彩度。深く印象的。,49.79,10.8039,46.4538
87,煤竹,SUSUTAKE,#6E552F,110,85,47,36.19,0.3078,0.4013,朱・橙,朱・橙寄りで、暗め・ほどよい彩度。あたたかい。,37.8745,5.3293,25.9315
88,薄香,USUKOH,#EBB471,235,180,113,32.95,0.6824,0.7531,朱・橙,朱・橙寄りで、中くらい・かなり高彩度。ぱっと華やぐ。,76.9812,12.2199,41.6559
89,砥粉,TONOKO,#D7B98E,215,185,142,35.34,0.7,0.4771,朱・橙,朱・橙寄りで、中くらい・ほどよい彩度。あたたかい。,76.7396,4.5764,25.825
90,銀煤竹,GINSUSUTAKE,#82663A,130,102,58,36.67,0.3686,0.383,朱・橙,朱・橙寄りで、暗め・ほどよい彩度。あたたかい。,45.0185,5.5084,28.9458
91,黄土,OHDO,#B68E55,182,142,85,35.26,0.5235,0.3992,朱・橙,朱・橙寄りで、やや暗め・ほどよい彩度。あたたかい。,61.6101,8.1806,35.9367
92,白茶,SHIRACHA,#BC9F77,188,159,119,34.78,0.602,0.3399,朱・橙,朱・橙寄りで、中くらい・ほどよい彩度。あたたかい。,67.1426,4.9492,24.8733
93,媚茶,KOBICHA,#876633,135,102,51,36.43,0.3647,0.4516,朱・橙,朱・橙寄りで、暗め・ほどよい彩度。あたたかい。,45.4883,7.1998,33.4621
94,黄唐茶,KIGARACHA,#C18A26,193,138,38,38.71,0.4529,0.671,朱・橙,朱・橙寄りで、やや暗め・高彩度。深く印象的。,61.3572,12.332,57.6832
95,山吹,YAMABUKI,#FFB11B,255,177,27,39.47,0.5529,1.0,朱・橙,朱・橙寄りで、やや暗め・かなり高彩度。深く印象的。,77.7501,17.9563,77.1263
96,山吹茶,YAMABUKICHA,#D19826,209,152,38,40.0,0.4843,0.6923,朱・橙,朱・橙寄りで、やや暗め・高彩度。深く印象的。,66.6381,11.7398,63.0635
97,櫨染,HAJIZOME,#DDA52D,221,165,45,40.91,0.5216,0.7213,朱・橙,朱・橙寄りで、やや暗め・かなり高彩度。深く印象的。,71.1975,10.2058,65.2803
98,桑茶,KUWACHA,#C99833,201,152,51,40.4,0.4941,0.5952,朱・橙,朱・橙寄りで、やや暗め・高彩度。深く印象的。,65.8387,8.7267,57.2732
99,玉子,TAMAGO,#F9BF45,249,191,69,40.67,0.6235,0.9375,朱・橙,朱・橙寄りで、中くらい・かなり高彩度。ぱっと華やぐ。,80.6472,9.397,66.423
100,白橡,SHIROTSURUBAMI,#DCB879,220,184,121,38.18,0.6686,0.5858,朱・橙,朱・橙寄りで、中くらい・高彩度。ぱっと華やぐ。,76.6061,4.7543,36.7656
101,黄橡,KITSURUBAMI,#BA9132,186,145,50,41.91,0.4627,0.5763,朱・橙,朱・橙寄りで、やや暗め・高彩度。深く印象的。,62.4421,5.8858,53.7921
102,玉蜀黍,TAMAMOROKOSHI,#E8B647,232,182,71,41.37,0.5941,0.7778,朱・橙,朱・橙寄りで、中くらい・かなり高彩度。ぱっと華やぐ。,76.7216,7.028,61.0725
103,花葉,HANABA,#F7C242,247,194,66,42.43,0.6137,0.9188,朱・橙,朱・橙寄りで、中くらい・かなり高彩度。ぱっと華やぐ。,81.1569,6.8638,68.0166
104,生壁,NAMAKABE,#7D6C46,125,108,70,41.45,0.3824,0.2821,朱・橙,朱・橙寄りで、暗め・ほどよい彩度。あたたかい。,46.349,1.0096,23.7184
105,鳥の子,TORINOKO,#DAC9A6,218,201,166,40.38,0.7529,0.4127,朱・橙,朱・橙寄りで、中くらい・ほどよい彩度。あたたかい。,81.5292,0.4783,19.6746
106,浅黄,USUKI,#FAD689,250,214,137,40.88,0.7588,0.9187,朱・橙,朱・橙寄りで、中くらい・かなり高彩度。ぱっと華やぐ。,87.1079,2.7348,42.5744
107,黄朽葉,KIKUCHIBA,#D9AB42,217,171,66,41.72,0.5549,0.6652,朱・橙,朱・橙寄りで、やや暗め・高彩度。深く印象的。,72.4113,6.1865,58.2455
108,梔子,KUCHINASHI,#F6C555,246,197,85,41.74,0.649,0.8994,朱・橙,朱・橙寄りで、中くらい・かなり高彩度。ぱっと華やぐ。,81.9388,5.8489,61.0204
109,籐黄,TOHOH,#FFC408,255,196,8,45.67,0.5157,1.0,朱・橙,朱・橙寄りで、やや暗め・かなり高彩度。深く印象的。,82.2508,7.8589,83.1115
110,鬱金,UKON,#EFBB24,239,187,36,44.63,0.5392,0.8638,朱・橙,朱・橙寄りで、やや暗め・かなり高彩度。深く印象的。,78.475,6.0987,74.9095
111,芥子,KARASHI,#CAAD5F,202,173,95,43.74,0.5824,0.5023,朱・橙,朱・橙寄りで、中くらい・高彩度。ぱっと華やぐ。,71.7393,0.7307,43.5871
112,肥後煤竹,HIGOSUSUTAKE,#8D742A,141,116,42,44.85,0.3588,0.541,朱・橙,朱・橙寄りで、暗め・高彩度。深く印象的。,49.8841,1.2684,42.9574
113,利休白茶,RIKYUSHIRACHA,#B4A582,180,165,130,42.0,0.6078,0.25,朱・橙,朱・橙寄りで、中くらい・ほどよい彩度。あたたかい。,68.1871,-0.0873,20.1562
114,灰汁,AKU,#877F6C,135,127,108,42.22,0.4765,0.1111,無彩色,無彩色で、やや暗め・低彩度。静かに引き締まる。,53.3983,-0.3171,11.4375
115,利休茶,RIKYUCHA,#897D55,137,125,85,46.15,0.4353,0.2342,朱・橙,朱・橙寄りで、やや暗め・やや低彩度。落ち着いた。,52.5556,-1.6645,23.4964
116,路考茶,ROKOHCHA,#74673E,116,103,62,45.56,0.349,0.3034,朱・橙,朱・橙寄りで、暗め・ほどよい彩度。あたたかい。,43.8894,-1.0418,24.9653
117,菜種油,NATANEYU,#A28C37,162,140,55,47.66,0.4255,0.4931,朱・橙,朱・橙寄りで、やや暗め・ほどよい彩度。あたたかい。,58.7094,-1.7963,46.9905
118,鶯茶,UGUISUCHA,#6C6024,108,96,36,50.0,0.2824,0.5,黄,黄寄りで、暗め・高彩度。深く印象的。,40.7059,-3.1,35.0334
119,黄海松茶,KIMIRUCHA,#867835,134,120,53,49.63,0.3667,0.4332,朱・橙,朱・橙寄りで、暗め・ほどよい彩度。あたたかい。,50.4042,-3.4599,38.0352
120,海松茶,MIRUCHA,#62592C,98,89,44,50.0,0.2784,0.3803,朱・橙,朱・橙寄りで、暗め・ほどよい彩度。あたたかい。,37.7051,-3.0496,27.1206
121,刈安,KARIYASU,#E9CD4C,233,205,76,49.3,0.6059,0.7811,朱・橙,朱・橙寄りで、中くらい・かなり高彩度。ぱっと華やぐ。,82.6528,-4.2163,65.1714
122,菜の花,NANOHANA,#F7D94C,247,217,76,49.47,0.6333,0.9144,朱・橙,朱・橙寄りで、中くらい・かなり高彩度。ぱっと華やぐ。,86.9602,-4.4601,69.9581
123,黄蘗,KIHADA,#FBE251,251,226,81,51.18,0.651,0.9551,黄,黄寄りで、中くらい・かなり高彩度。ぱっと華やぐ。,89.6265,-7.0712,70.8473
124,蒸栗,MUSHIKURI,#D9CD90,217,205,144,50.14,0.7078,0.4899,黄,黄寄りで、中くらい・ほどよい彩度。明朗。,82.0711,-4.853,31.9286
125,青朽葉,AOKUCHIBA,#ADA142,173,161,66,53.27,0.4686,0.4477,黄,黄寄りで、やや暗め・ほどよい彩度。明朗。,65.5682,-7.5506,49.7045
126,女郎花,OMINAESHI,#DDD23B,221,210,59,55.93,0.549,0.7043,黄,黄寄りで、やや暗め・高彩度。深く印象的。,82.7982,-12.617,71.2683
127,鶸茶,HIWACHA,#A5A051,165,160,81,56.43,0.4824,0.3415,黄,黄寄りで、やや暗め・ほどよい彩度。明朗。,64.7525,-9.2588,41.4169
128,鶸,HIWA,#BEC23F,190,194,63,61.83,0.5039,0.5178,黄,黄寄りで、やや暗め・高彩度。深く印象的。,76.0023,-17.4681,62.34
129,鶯,UGUISU,#6C6A2D,108,106,45,58.1,0.3,0.4118,黄,黄寄りで、暗め・ほどよい彩度。明朗。,43.7793,-8.1512,33.9127
130,柳茶,YANAGICHA,#939650,147,150,80,62.57,0.451,0.3043,黄,黄寄りで、やや暗め・ほどよい彩度。明朗。,60.423,-11.6892,36.3508
131,苔,KOKE,#838A2D,131,138,45,64.52,0.3588,0.5082,黄,黄寄りで、暗め・高彩度。深く印象的。,55.2698,-15.2408,46.934
132,麹塵,KIKUJIN,#B1B479,177,180,121,63.05,0.5902,0.2823,黄,黄寄りで、中くらい・ほどよい彩度。明朗。,71.8059,-10.4423,29.8118
133,璃寛茶,RIKANCHA,#616138,97,97,56,60.0,0.3,0.268,黄,黄寄りで、暗め・ほどよい彩度。明朗。,40.2076,-6.8755,23.3665
134,藍媚茶,AIKOBICHA,#4B4E2A,75,78,42,65.0,0.2353,0.3,黄,黄寄りで、かなり暗め・ほどよい彩度。明朗。,32.0604,-7.5852,20.8597
135,海松,MIRU,#5B622E,91,98,46,68.08,0.2824,0.3611,黄,黄寄りで、暗め・ほどよい彩度。明朗。,39.8435,-11.338,28.4166
136,千歳茶,SENSAICHA,#4D5139,77,81,57,70.0,0.2706,0.1739,黄,黄寄りで、暗め・やや低彩度。落ち着いた。,33.474,-6.2797,13.6223
137,梅幸茶,BAIKOCHA,#89916B,137,145,107,72.63,0.4941,0.1508,黄,黄寄りで、やや暗め・やや低彩度。落ち着いた。,58.6311,-9.6778,19.256
138,鶸萌黄,HIWAMOEGI,#90B44B,144,180,75,80.57,0.5,0.4118,緑,緑寄りで、やや暗め・ほどよい彩度。さわやか。,68.809,-28.59,48.5932
139,柳染,YANAGIZOME,#91AD70,145,173,112,87.54,0.5588,0.2711,緑,緑寄りで、やや暗め・ほどよい彩度。さわやか。,67.3344,-20.4988,28.2647
140,裏柳,URAYANAGI,#B5CAA0,181,202,160,90.0,0.7098,0.2838,緑,緑寄りで、中くらい・ほどよい彩度。さわやか。,78.8119,-14.6339,18.6509
141,岩井茶,IWAICHA,#646A58,100,106,88,80.0,0.3804,0.0928,無彩色,無彩色で、暗め・低彩度。静かに引き締まる。,43.8316,-5.8785,9.3447
142,萌黄,MOEGI,#7BA23F,123,162,63,83.64,0.4412,0.44,緑,緑寄りで、やや暗め・ほどよい彩度。さわやか。,62.0066,-29.3062,46.0611
143,苗,NAE,#86C166,134,193,102,98.9,0.5784,0.4233,緑,緑寄りで、やや暗め・ほどよい彩度。さわやか。,72.3398,-35.4985,39.6865
144,柳煤竹,YANAGISUSUTAKE,#4A593D,74,89,61,92.14,0.2941,0.1867,緑,緑寄りで、暗め・やや低彩度。落ち着いた。,35.8636,-11.6128,14.3527
145,松葉,MATSUBA,#42602D,66,96,45,95.29,0.2765,0.3617,緑,緑寄りで、暗め・ほどよい彩度。さわやか。,37.3229,-21.2278,25.4885
146,青丹,AONI,#516E41,81,110,65,98.67,0.3431,0.2571,緑,緑寄りで、暗め・ほどよい彩度。さわやか。,43.1861,-19.6761,21.7701
147,薄青,USUAO,#91B493,145,180,147,123.43,0.6373,0.1892,緑,緑寄りで、中くらい・やや低彩度。落ち着いた。,70.0132,-18.3932,12.9959
148,柳鼠,YANAGINEZUMI,#808F7C,128,143,124,107.37,0.5235,0.0782,無彩色,無彩色で、やや暗め・低彩度。静かに引き締まる。,57.7408,-9.1801,8.2985
149,常磐,TOKIWA,#1B813E,27,129,62,140.59,0.3059,0.6538,緑,緑寄りで、暗め・高彩度。深く印象的。,47.3402,-43.6871,28.2741
150,若竹,WAKATAKE,#5DAC81,93,172,129,147.34,0.5196,0.3224,緑,緑寄りで、やや暗め・ほどよい彩度。さわやか。,64.496,-34.3652,14.7243
151,千歳緑,CHITOSEMIDORI,#36563C,54,86,60,131.25,0.2745,0.2286,緑,緑寄りで、暗め・やや低彩度。落ち着いた。,33.4904,-18.018,11.5121
152,緑,MIDORI,#227D51,34,125,81,150.99,0.3118,0.5723,緑,緑寄りで、暗め・高彩度。深く印象的。,46.4458,-37.3049,16.554
153,白緑,BYAKUROKU,#A8D8B9,168,216,185,141.25,0.7529,0.381,緑,緑寄りで、中くらい・ほどよい彩度。さわやか。,82.3453,-21.7381,10.2392
154,老竹,OITAKE,#6A8372,106,131,114,139.2,0.4647,0.1055,無彩色,無彩色で、やや暗め・低彩度。静かに引き締まる。,52.4104,-12.6278,6.2392
155,木賊,TOKUSA,#2D6D4B,45,109,75,148.12,0.302,0.4156,緑,緑寄りで、暗め・ほどよい彩度。さわやか。,41.2201,-29.1707,12.98
156,御納戸茶,ONANDOCHA,#465D4C,70,93,76,135.65,0.3196,0.1411,緑,緑寄りで、暗め・やや低彩度。落ち着いた。,37.2111,-12.5967,6.9741
157,緑青,ROKUSYOH,#24936E,36,147,110,160.0,0.3588,0.6066,青緑,青緑寄りで、暗め・高彩度。深く印象的。,54.414,-39.6135,10.9741
158,錆青磁,SABISEIJI,#86A697,134,166,151,151.88,0.5882,0.1524,緑,緑寄りで、中くらい・やや低彩度。落ち着いた。,65.4159,-14.1235,4.1392
159,青竹,AOTAKE,#00896C,0,137,108,167.3,0.2686,1.0,青緑,青緑寄りで、暗め・かなり高彩度。深く印象的。,50.6551,-38.9309,6.742
160,ビロード,VELUDO,#096148,9,97,72,162.95,0.2078,0.8302,青緑,青緑寄りで、かなり暗め・かなり高彩度。深く印象的。,36.1277,-30.6356,7.5721
161,虫襖,MUSHIAO,#20604F,32,96,79,164.06,0.251,0.5,青緑,青緑寄りで、暗め・高彩度。深く印象的。,36.4361,-24.8622,3.767
162,藍海松茶,AIMIRUCHA,#0F4C3A,15,76,58,162.3,0.1784,0.6703,青緑,青緑寄りで、かなり暗め・高彩度。深く印象的。,28.3153,-23.9624,5.3091
163,沈香茶,TONOCHA2,#4F726C,79,114,108,169.71,0.3784,0.1813,青緑,青緑寄りで、暗め・やや低彩度。落ち着いた。,45.33,-13.8874,-0.6846
164,青緑,AOMIDORI,#00AA90,0,170,144,170.82,0.3333,1.0,青緑,青緑寄りで、暗め・かなり高彩度。深く印象的。,62.305,-43.1013,3.0239
165,青磁,SEIJI,#69B0AC,105,176,172,176.62,0.551,0.31,青緑,青緑寄りで、やや暗め・ほどよい彩度。涼しげ。,67.2999,-23.2426,-4.9662
166,鉄,TETSU,#26453D,38,69,61,164.52,0.2098,0.2897,青緑,青緑寄りで、かなり暗め・ほどよい彩度。涼しげ。,26.749,-13.7539,1.2311
167,水浅葱,MIZUASAGI,#66BAB7,102,186,183,177.86,0.5647,0.3784,青緑,青緑寄りで、やや暗め・ほどよい彩度。涼しげ。,70.4267,-26.2157,-6.4178
168,青碧,SEIHEKI,#268785,38,135,133,178.76,0.3392,0.5607,青緑,青緑寄りで、暗め・高彩度。深く印象的。,51.1887,-27.4816,-6.9722
169,錆鉄御納戸,SABITETSUONANDO,#405B55,64,91,85,166.67,0.3039,0.1742,青緑,青緑寄りで、暗め・やや低彩度。落ち着いた。,36.4191,-11.5377,0.2082
170,高麗納戸,KORAINANDO,#305A56,48,90,86,174.29,0.2706,0.3043,青緑,青緑寄りで、暗め・ほどよい彩度。涼しげ。,35.2265,-15.7693,-2.2689
171,白群,BYAKUGUN,#78C2C4,120,194,196,181.58,0.6196,0.3918,青緑,青緑寄りで、中くらい・ほどよい彩度。涼しげ。,73.9072,-22.4584,-8.2672
172,御召茶,OMESHICHA,#376B6D,55,107,109,182.22,0.3216,0.3293,青緑,青緑寄りで、暗め・ほどよい彩度。涼しげ。,41.893,-16.7486,-6.5052
173,瓶覗,KAMENOZOKI,#A5DEE4,165,222,228,185.71,0.7706,0.5385,青緑,青緑寄りで、中くらい・高彩度。ぱっと華やぐ。,84.9151,-16.7213,-8.8209
174,深川鼠,FUKAGAWANEZUMI,#77969A,119,150,154,186.86,0.5353,0.1477,青緑,青緑寄りで、やや暗め・やや低彩度。落ち着いた。,59.9491,-9.8313,-5.6618
175,錆浅葱,SABIASAGI,#6699A1,102,153,161,188.14,0.5157,0.2389,青緑,青緑寄りで、やや暗め・やや低彩度。落ち着いた。,60.0501,-14.8709,-9.5914
176,水,MIZU,#81C7D4,129,199,212,189.4,0.6686,0.4911,青緑,青緑寄りで、中くらい・ほどよい彩度。涼しげ。,76.2314,-18.6699,-13.4235
177,浅葱,ASAGI,#33A6B8,51,166,184,188.12,0.4608,0.566,青緑,青緑寄りで、やや暗め・高彩度。深く印象的。,62.8724,-25.4865,-18.473
178,御納戸,ONANDO,#0C4842,12,72,66,174.0,0.1647,0.7143,青緑,青緑寄りで、かなり暗め・高彩度。深く印象的。,27.0342,-19.9127,-1.7257
179,藍,AI,#0D5661,13,86,97,187.86,0.2157,0.7636,青緑,青緑寄りで、かなり暗め・かなり高彩度。深く印象的。,33.1431,-16.6824,-12.411
180,新橋,SHINBASHI,#0089A7,0,137,167,190.78,0.3275,1.0,青緑,青緑寄りで、暗め・かなり高彩度。深く印象的。,52.5965,-20.0744,-24.6123
181,錆御納戸,SABIONANDO,#336774,51,103,116,192.0,0.3275,0.3892,青緑,青緑寄りで、暗め・ほどよい彩度。涼しげ。,40.6777,-13.3519,-12.6042
182,鉄御納戸,TETSUONANDO,#255359,37,83,89,186.92,0.2471,0.4127,青緑,青緑寄りで、かなり暗め・ほどよい彩度。涼しげ。,32.4816,-13.7371,-8.2986
183,花浅葱,HANAASAGI,#1E88A8,30,136,168,193.91,0.3882,0.697,青緑,青緑寄りで、暗め・高彩度。深く印象的。,52.63,-17.4371,-25.1123
184,藍鼠,AINEZUMI,#566C73,86,108,115,194.48,0.3941,0.1443,青緑,青緑寄りで、暗め・やや低彩度。落ち着いた。,44.148,-6.3961,-6.5846
185,舛花,MASUHANA,#577C8A,87,124,138,196.47,0.4412,0.2267,青緑,青緑寄りで、やや暗め・やや低彩度。落ち着いた。,49.8287,-9.2654,-11.7434
186,空,SORA,#58B2DC,88,178,220,199.09,0.6039,0.6535,青緑,青緑寄りで、中くらい・高彩度。ぱっと華やぐ。,68.8088,-14.6409,-29.224
187,熨斗目花,NOSHIMEHANA,#2B5F75,43,95,117,197.84,0.3137,0.4625,青緑,青緑寄りで、暗め・ほどよい彩度。涼しげ。,37.8093,-10.1272,-17.6262
188,千草,CHIGUSA,#3A8FB7,58,143,183,199.2,0.4725,0.5187,青緑,青緑寄りで、やや暗め・高彩度。深く印象的。,56.0488,-12.6126,-28.3639
189,御召御納戸,OMESHIONANDO,#2E5C6E,46,92,110,196.88,0.3059,0.4103,青緑,青緑寄りで、暗め・ほどよい彩度。涼しげ。,36.6688,-10.0456,-15.0496
190,縹,HANADA,#006284,0,98,132,195.45,0.2588,1.0,青緑,青緑寄りで、暗め・かなり高彩度。深く印象的。,38.5511,-11.2712,-25.7122
191,勿忘草,WASURENAGUSA,#7DB9DE,125,185,222,202.89,0.6804,0.5951,青,青寄りで、中くらい・高彩度。ぱっと華やぐ。,72.4479,-9.7408,-24.5949
192,群青,GUNJYO,#51A8DD,81,168,221,202.71,0.5922,0.6731,青,青寄りで、中くらい・高彩度。ぱっと華やぐ。,65.7267,-10.1772,-34.5623
193,露草,TSUYUKUSA,#2EA9DF,46,169,223,198.31,0.5275,0.7344,青緑,青緑寄りで、やや暗め・かなり高彩度。深く印象的。,65.1849,-14.7746,-36.5774
194,黒橡,KUROTSURUBAMI,#0B1013,11,16,19,202.5,0.0588,0.2667,青,青寄りで、かなり暗め・ほどよい彩度。涼しげ。,4.4147,-0.9717,-2.2154
195,紺,KON,#0F2540,15,37,64,213.06,0.1549,0.6203,青,青寄りで、かなり暗め・高彩度。深く印象的。,14.3705,1.9609,-19.7383
196,褐,KACHI,#08192D,8,25,45,212.43,0.1039,0.6981,青,青寄りで、かなり暗め・高彩度。深く印象的。,8.4486,1.223,-15.5437
197,瑠璃,RURI,#005CAF,0,92,175,208.46,0.3431,1.0,青,青寄りで、暗め・かなり高彩度。深く印象的。,39.1522,10.0144,-50.5109
198,瑠璃紺,RURIKON,#0B346E,11,52,110,215.15,0.2373,0.8182,青,青寄りで、かなり暗め・かなり高彩度。深く印象的。,22.487,10.585,-37.4673
199,紅碧,BENIMIDORI,#7B90D2,123,144,210,225.52,0.6529,0.4915,青,青寄りで、中くらい・ほどよい彩度。涼しげ。,60.6126,9.3336,-36.266
200,藤鼠,FUJINEZUMI,#6E75A4,110,117,164,232.22,0.5373,0.2288,青,青寄りで、やや暗め・やや低彩度。落ち着いた。,50.3546,8.8349,-26.0326
201,鉄紺,TETSUKON,#261E47,38,30,71,251.71,0.198,0.4059,藍・紫,藍・紫寄りで、かなり暗め・ほどよい彩度。涼しげ。,14.3749,15.7723,-24.4889
202,紺青,KONJYO,#113285,17,50,133,222.93,0.2941,0.7733,青,青寄りで、暗め・かなり高彩度。深く印象的。,23.9766,22.2882,-49.6287
203,紅掛花,BENIKAKEHANA,#4E4F97,78,79,151,239.18,0.449,0.3188,青,青寄りで、やや暗め・ほどよい彩度。涼しげ。,36.8279,19.7481,-39.758
204,紺桔梗,KONKIKYO,#211E55,33,30,85,243.27,0.2255,0.4783,青,青寄りで、かなり暗め・ほどよい彩度。涼しげ。,14.9943,19.5381,-33.0856
205,藤,FUJI,#8B81C3,139,129,195,249.09,0.6353,0.3548,青,青寄りで、中くらい・ほどよい彩度。涼しげ。,57.2008,18.532,-33.0458
206,二藍,FUTAAI,#70649A,112,100,154,253.33,0.498,0.2126,藍・紫,藍・紫寄りで、やや暗め・やや低彩度。落ち着いた。,45.4857,17.0753,-27.7034
207,楝,OUCHI,#9B90C2,155,144,194,253.2,0.6627,0.2907,藍・紫,藍・紫寄りで、中くらい・ほどよい彩度。涼しげ。,62.3466,14.5192,-24.4135
208,藤紫,FUJIMURASAKI,#8A6BBE,138,107,190,262.41,0.5824,0.3897,藍・紫,藍・紫寄りで、中くらい・ほどよい彩度。涼しげ。,51.4231,29.8715,-39.2505
209,桔梗,KIKYO,#6A4C9C,106,76,156,262.5,0.4549,0.3448,藍・紫,藍・紫寄りで、やや暗め・ほどよい彩度。涼しげ。,38.9554,30.4547,-39.2254
210,紫苑,SHION,#8F77B5,143,119,181,263.23,0.5882,0.2952,藍・紫,藍・紫寄りで、中くらい・ほどよい彩度。涼しげ。,54.4166,22.1438,-29.353
211,滅紫,MESSHI,#533D5B,83,61,91,284.0,0.298,0.1974,藍・紫,藍・紫寄りで、暗め・やや低彩度。落ち着いた。,29.2401,15.8124,-14.1909
212,薄,USU,#B28FCE,178,143,206,273.33,0.6843,0.3913,藍・紫,藍・紫寄りで、中くらい・ほどよい彩度。涼しげ。,64.6168,25.0733,-27.4712
213,半,HASHITA,#986DB2,152,109,178,277.39,0.5627,0.3094,藍・紫,藍・紫寄りで、やや暗め・ほどよい彩度。涼しげ。,52.7599,30.0633,-30.1296
214,江戸紫,EDOMURASAKI,#77428D,119,66,141,282.4,0.4059,0.3623,藍・紫,藍・紫寄りで、暗め・ほどよい彩度。涼しげ。,37.3748,36.2541,-32.5547
215,紫紺,SHIKON,#3C2F41,60,47,65,283.33,0.2196,0.1607,藍・紫,藍・紫寄りで、かなり暗め・やや低彩度。落ち着いた。,21.4886,9.8876,-9.0676
216,深紫,KOKIMURASAKI,#4A225D,74,34,93,280.68,0.249,0.4646,藍・紫,藍・紫寄りで、かなり暗め・ほどよい彩度。涼しげ。,21.5437,30.0485,-27.6331
217,菫,SUMIRE,#66327C,102,50,124,282.16,0.3412,0.4253,藍・紫,藍・紫寄りで、暗め・ほどよい彩度。涼しげ。,30.7868,36.3824,-32.6221
218,紫,MURASAKI,#592C63,89,44,99,289.09,0.2804,0.3846,藍・紫,藍・紫寄りで、暗め・ほどよい彩度。涼しげ。,26.234,30.2218,-23.9941
219,菖蒲,AYAME,#6F3381,111,51,129,286.15,0.3529,0.4333,藍・紫,藍・紫寄りで、暗め・ほどよい彩度。涼しげ。,32.5521,39.4551,-32.8646
220,藤煤竹,FUJISUSUTAKE,#574C57,87,76,87,300.0,0.3196,0.0675,無彩色,無彩色で、暗め・低彩度。静かに引き締まる。,33.7387,6.8551,-4.7849
221,紅藤,BENIFUJI,#B481BB,180,129,187,292.76,0.6196,0.299,紅紫,紅紫寄りで、中くらい・ほどよい彩度。あたたかい。,60.775,29.6283,-22.6656
222,黒紅,KUROBENI,#3F2B36,63,43,54,327.0,0.2078,0.1887,紅紫,紅紫寄りで、かなり暗め・やや低彩度。落ち着いた。,20.247,11.3603,-3.3725
223,茄子紺,NASUKON,#572A3F,87,42,63,332.0,0.2529,0.3488,紅紫,紅紫寄りで、暗め・ほどよい彩度。あたたかい。,23.8081,23.6164,-3.8508
224,葡萄鼠,BUDOHNEZUMI,#5E3D50,94,61,80,325.45,0.3039,0.2129,紅紫,紅紫寄りで、暗め・やや低彩度。落ち着いた。,30.149,17.736,-5.5574
225,鳩羽鼠,HATOBANEZUMI,#72636E,114,99,110,316.0,0.4176,0.0704,無彩色,無彩色で、暗め・低彩度。静かに引き締まる。,43.6933,8.1056,-3.9858
226,杜若,KAKITSUBATA,#622954,98,41,84,314.74,0.2725,0.4101,紅紫,紅紫寄りで、暗め・ほどよい彩度。あたたかい。,26.2248,31.787,-14.0763
227,蒲葡,EBIZOME,#6D2E5B,109,46,91,317.14,0.3039,0.4065,紅紫,紅紫寄りで、暗め・ほどよい彩度。あたたかい。,29.3143,34.0185,-13.7676
228,牡丹,BOTAN,#C1328E,193,50,142,321.4,0.4765,0.5885,紅紫,紅紫寄りで、やや暗め・高彩度。深く印象的。,46.4112,63.7426,-18.2227
229,梅紫,UMEMURASAKI,#A8497A,168,73,122,329.05,0.4725,0.3942,紅紫,紅紫寄りで、やや暗め・ほどよい彩度。あたたかい。,44.9374,44.5399,-8.7089
230,似紫,NISEMURASAKI,#562E37,86,46,55,346.5,0.2588,0.303,赤,赤寄りで、暗め・ほどよい彩度。あたたかい。,24.3497,19.5261,2.3382
231,躑躅,TSUTSUJI,#E03C8A,224,60,138,331.46,0.5569,0.7257,紅紫,紅紫寄りで、やや暗め・かなり高彩度。深く印象的。,52.86,68.0936,-5.5621
232,紫鳶,MURASAKITOBI,#60373E,96,55,62,349.76,0.2961,0.2715,赤,赤寄りで、暗め・ほどよい彩度。あたたかい。,28.294,19.2553,3.5335
233,白練,SHIRONERI,#FCFAF2,252,250,242,48.0,0.9686,0.625,朱・橙,朱・橙寄りで、かなり明るめ・高彩度。ぱっと華やぐ。,98.2244,-0.7151,4.0677
234,胡粉,GOFUN,#FFFFFB,255,255,251,60.0,0.9922,1.0,黄,黄寄りで、かなり明るめ・かなり高彩度。ぱっと華やぐ。,99.9014,-0.6971,1.9107
235,白鼠,SHIRONEZUMI,#BDC0BA,189,192,186,90.0,0.7412,0.0455,無彩色,無彩色で、中くらい・低彩度。すっきり整う。,77.3186,-2.1461,2.6579
236,銀鼠,GINNEZUMI,#91989F,145,152,159,210.0,0.5961,0.068,無彩色,無彩色で、中くらい・低彩度。すっきり整う。,62.49,-1.0882,-4.5322
237,鉛,NAMARI,#787878,120,120,120,0.0,0.4706,0.0,無彩色,無彩色で、やや暗め・低彩度。静かに引き締まる。,50.4313,-0.0014,0.0027
238,灰,HAI,#828282,130,130,130,0.0,0.5098,0.0,無彩色,無彩色で、やや暗め・低彩度。静かに引き締まる。,54.3678,-0.0015,0.0028
239,素鼠,SUNEZUMI,#787D7B,120,125,123,156.0,0.4804,0.0204,無彩色,無彩色で、やや暗め・低彩度。静かに引き締まる。,51.9391,-2.2752,0.4412
240,利休鼠,RIKYUNEZUMI,#707C74,112,124,116,140.0,0.4627,0.0508,無彩色,無彩色で、やや暗め・低彩度。静かに引き締まる。,50.8282,-6.1122,2.8522
241,鈍,NIBI,#656765,101,103,101,120.0,0.4,0.0098,無彩色,無彩色で、暗め・低彩度。静かに引き締まる。,43.3698,-1.1922,0.8568
242,青鈍,AONIBI,#535953,83,89,83,120.0,0.3373,0.0349,無彩色,無彩色で、暗め・低彩度。静かに引き締まる。,37.1299,-3.6674,2.6572
243,溝鼠,DOBUNEZUMI,#4F4F48,79,79,72,60.0,0.2961,0.0464,無彩色,無彩色で、暗め・低彩度。静かに引き締まる。,33.3974,-1.4583,4.1389
244,紅消鼠,BENIKESHINEZUMI,#52433D,82,67,61,17.14,0.2804,0.1469,赤,赤寄りで、暗め・やや低彩度。落ち着いた。,29.7761,5.3507,6.0546
245,藍墨茶,AISUMICHA,#373C38,55,60,56,132.0,0.2255,0.0435,無彩色,無彩色で、かなり暗め・低彩度。静かに引き締まる。,24.7319,-3.0385,1.7504
246,檳榔子染,BINROJIZOME,#3A3226,58,50,38,36.0,0.1882,0.2083,朱・橙,朱・橙寄りで、かなり暗め・やや低彩度。落ち着いた。,21.2854,1.3309,8.9686
247,消炭,KESHIZUMI,#434343,67,67,67,0.0,0.2627,0.0,無彩色,無彩色で、暗め・低彩度。静かに引き締まる。,28.4139,-0.0009,0.0018
248,墨,SUMI,#1C1C1C,28,28,28,0.0,0.1098,0.0,無彩色,無彩色で、かなり暗め・低彩度。静かに引き締まる。,10.2682,-0.0006,0.0011
249,黒,KURO,#080808,8,8,8,0.0,0.0314,0.0,無彩色,無彩色で、かなり暗め・低彩度。静かに引き締まる。,2.1934,-0.0001,0.0003
250,呂,RO,#0C0C0C,12,12,12,0.0,0.0471,0.0,無彩色,無彩色で、かなり暗め・低彩度。静かに引き締まる。,3.321,-0.0002,0.0004
